Radius,Expected
5,78.5398163
6,113.0973355
7,153.9380400
8,201.0619298
9,254.4690049
10,314.1592654