Radius,ExpectedArea,ExpectedPerimeter
0,0,0
1,3.141592654,6.28318530717959
2,12.56637061,12.5663706143592
3,28.27433388,18.8495559215388
4,50.26548246,25.1327412287183
5,78.5398163,31.4159265358979
6,113.0973355,37.6991118430775
7,153.9380400,43.9822971502571
8,201.0619298,50.2654824574367
9,254.4690049,56.5486677646163